{
  "timestamp_utc": "20250909-021349",
  "component": "dedup",
  "policy": {
    "exact": "content_hash",
    "semantic": "token_jaccard",
    "threshold": 0.62
  },
  "actions": [
    {
      "action": "REMOVE_DUPLICATE",
      "doc_id": "D0_prime",
      "duplicate_of": "D0",
      "reason": "hash_match",
      "hash": "370602a2fc5f670be2e66dd6a9409d596f5515aef0cbb530047d92031537e746"
    }
  ],
  "notes": {
    "pair": [
      "D0",
      "D0_near"
    ],
    "similarity": 0.3076923076923077,
    "threshold": 0.62,
    "decision": "KEEP_BOTH"
  }
}