{
  "timestamp_utc": "20250909-023253",
  "component": "index_health",
  "expected": {
    "documents": 3,
    "entities": 6,
    "relations": 4,
    "vectors": 0
  },
  "neo4j": {
    "status": "NOT_CONNECTED",
    "observed": null,
    "parity_ok": null,
    "note": "Live probe pending."
  },
  "qdrant": {
    "status": "NOT_CONNECTED",
    "observed": null,
    "parity_ok": null,
    "note": "Live probe pending."
  },
  "minio": {
    "status": "NOT_CONNECTED",
    "observed": null,
    "parity_ok": null,
    "note": "Live probe pending."
  }
}